{
    "bini": 6.004981279373169,
    "bin": 9.599091053009033,
    "y": 2.6581106185913086,
    "biii": 0.0,
    "bbbbb": 1.3855938911437988,
    "123": 1.1276614665985107
}